consent,firstName,familyName,pNumber
yes,1,1,1234567
yes,aa,a,1234567
yes,a,a,1234567
yes,a,a,1234567
yes,a,a,1234567
yes,a,a,1234567
yes,a,a,1234567
yes,a,a,1234567
yes,a,a,1234567
Sun Mar 12 2017,yes,a,a,1234567
Sun Mar 12 2017,yes,a,a,1234567
Sun Mar 12 2017,yes,a,a,1234567
Sun Mar 12 2017,yes,1,1,1234567
Sun Mar 12 2017,yes,a,a,9996669
Sun Mar 12 2017,yes,a,a,1122334
Sun Mar 12 2017,yes,a,a,1111111
Sun Mar 12 2017,yes,a,a,1234566
Sun Mar 12 2017,yes,a,a,1234567
Sun Mar 12 2017,yes,a,a,1234567
Sun Mar 12 2017,yes,a,a,9797979
Sun Mar 12 2017,yes,a,a,9898989
Sun Mar 12 2017,yes,1,1,9898989
Sun Mar 12 2017,yes,a,a,1234567
Sun Mar 12 2017,yes,1,1,1234567
Sun Mar 12 2017,yes,a,a,1234567
Sun Mar 12 2017,yes,1,1,1234567
Sun Mar 12 2017,yes,1,1,1234567
Sun Mar 12 2017,yes,1,1,1234567