date,consent,firstName,familyName,pNumber







Fri Mar 10 2017,yes,a,a,1234567
Fri Mar 10 2017,yes,a,a,1234567
Fri Mar 10 2017,yes,a,a,1234567
Fri Mar 10 2017,yes,A,A,1234567
Fri Mar 10 2017,yes,a,a,1234567
Fri Mar 10 2017,yes,a,a,1234567
Fri Mar 10 2017,yes,a,a,1234567
Fri Mar 10 2017,yes,a,a,1234567
Fri Mar 10 2017,yes,a,a,1234567
Fri Mar 10 2017,yes,a,a,1234567
Fri Mar 10 2017,yes,a,a,1234567
Fri Mar 10 2017,yes,a,a,1234567
Fri Mar 10 2017,yes,a,a,1234567
Fri Mar 10 2017,yes,a,a,1234567
Fri Mar 10 2017,yes,a,a,2222222
Fri Mar 10 2017,yes,a,a,1212121
Fri Mar 10 2017,yes,a,a,1234568